{
    "std": [
        "std",
        "reYIK",
        "module",
        1
    ],
    "rv32i_types": [
        "rv32i_types",
        "ZDAey",
        "module",
        2
    ],
    "shift_add_multiplier": [
        "shift_add_multiplier",
        "wxBFJ",
        "module",
        3
    ],
    "ctl_reservation_station": [
        "ctl_reservation_station",
        "n7PYP",
        "module",
        4
    ],
    "cpu_0000": [
        "cpu_0000",
        "A3qFS",
        "module",
        5
    ],
    "phys_reg_file": [
        "phys_reg_file",
        "j46s9",
        "module",
        6
    ],
    "RAT": [
        "RAT",
        "hAT8h",
        "module",
        7
    ],
    "ROB": [
        "ROB",
        "z3nYL",
        "module",
        8
    ],
    "branch_predictor": [
        "branch_predictor",
        "A2ct1",
        "module",
        67
    ],
    "RPRF": [
        "RPRF",
        "ZxJPZ",
        "module",
        9
    ],
    "RRAT": [
        "RRAT",
        "VjSUG",
        "module",
        10
    ],
    "reservation_station": [
        "reservation_station",
        "WrN4M",
        "module",
        11
    ],
    "reservation_station_0000": [
        "reservation_station_0000",
        "MjgGt",
        "module",
        12
    ],
    "alu": [
        "alu",
        "C26kq",
        "module",
        13
    ],
    "riscv_formal_monitor_rv32imc_rob": [
        "riscv_formal_monitor_rv32imc_rob",
        "YCm4N",
        "module",
        14
    ],
    "riscv_formal_monitor_rv32imc_isa_spec": [
        "riscv_formal_monitor_rv32imc_isa_spec",
        "ttIeC",
        "module",
        15
    ],
    "riscv_formal_monitor_rv32imc_insn_c_jr": [
        "riscv_formal_monitor_rv32imc_insn_c_jr",
        "HnVce",
        "module",
        16
    ],
    "riscv_formal_monitor_rv32imc_insn_c_li": [
        "riscv_formal_monitor_rv32imc_insn_c_li",
        "RAZKN",
        "module",
        17
    ],
    "riscv_formal_monitor_rv32imc_insn_c_lui": [
        "riscv_formal_monitor_rv32imc_insn_c_lui",
        "pz4HC",
        "module",
        18
    ],
    "riscv_formal_monitor_rv32imc_insn_c_lw": [
        "riscv_formal_monitor_rv32imc_insn_c_lw",
        "UbnvB",
        "module",
        19
    ],
    "riscv_formal_monitor_rv32imc_insn_c_lwsp": [
        "riscv_formal_monitor_rv32imc_insn_c_lwsp",
        "vwdp0",
        "module",
        20
    ],
    "riscv_formal_monitor_rv32imc_insn_c_mv": [
        "riscv_formal_monitor_rv32imc_insn_c_mv",
        "kytfs",
        "module",
        21
    ],
    "riscv_formal_monitor_rv32imc_insn_c_or": [
        "riscv_formal_monitor_rv32imc_insn_c_or",
        "iew89",
        "module",
        22
    ],
    "riscv_formal_monitor_rv32imc_insn_c_slli": [
        "riscv_formal_monitor_rv32imc_insn_c_slli",
        "xIPMR",
        "module",
        23
    ],
    "riscv_formal_monitor_rv32imc_insn_c_srai": [
        "riscv_formal_monitor_rv32imc_insn_c_srai",
        "CtQNG",
        "module",
        24
    ],
    "riscv_formal_monitor_rv32imc_insn_c_srli": [
        "riscv_formal_monitor_rv32imc_insn_c_srli",
        "WI2pU",
        "module",
        25
    ],
    "riscv_formal_monitor_rv32imc_insn_c_sub": [
        "riscv_formal_monitor_rv32imc_insn_c_sub",
        "DBvJv",
        "module",
        26
    ],
    "riscv_formal_monitor_rv32imc_insn_c_sw": [
        "riscv_formal_monitor_rv32imc_insn_c_sw",
        "QZKqK",
        "module",
        27
    ],
    "riscv_formal_monitor_rv32imc_insn_c_swsp": [
        "riscv_formal_monitor_rv32imc_insn_c_swsp",
        "V6fRP",
        "module",
        28
    ],
    "riscv_formal_monitor_rv32imc_insn_c_xor": [
        "riscv_formal_monitor_rv32imc_insn_c_xor",
        "kGCcH",
        "module",
        29
    ],
    "riscv_formal_monitor_rv32imc_insn_divu": [
        "riscv_formal_monitor_rv32imc_insn_divu",
        "ePiGc",
        "module",
        30
    ],
    "riscv_formal_monitor_rv32imc_insn_jal": [
        "riscv_formal_monitor_rv32imc_insn_jal",
        "N0LwG",
        "module",
        31
    ],
    "riscv_formal_monitor_rv32imc_insn_jalr": [
        "riscv_formal_monitor_rv32imc_insn_jalr",
        "i3isH",
        "module",
        32
    ],
    "riscv_formal_monitor_rv32imc_insn_lb": [
        "riscv_formal_monitor_rv32imc_insn_lb",
        "IZD2v",
        "module",
        33
    ],
    "riscv_formal_monitor_rv32imc_insn_lbu": [
        "riscv_formal_monitor_rv32imc_insn_lbu",
        "ZfWJr",
        "module",
        34
    ],
    "riscv_formal_monitor_rv32imc_insn_lh": [
        "riscv_formal_monitor_rv32imc_insn_lh",
        "grmDN",
        "module",
        35
    ],
    "riscv_formal_monitor_rv32imc_insn_lhu": [
        "riscv_formal_monitor_rv32imc_insn_lhu",
        "SYbiW",
        "module",
        36
    ],
    "riscv_formal_monitor_rv32imc_insn_lui": [
        "riscv_formal_monitor_rv32imc_insn_lui",
        "dBptt",
        "module",
        37
    ],
    "riscv_formal_monitor_rv32imc_insn_lw": [
        "riscv_formal_monitor_rv32imc_insn_lw",
        "vHeu2",
        "module",
        38
    ],
    "riscv_formal_monitor_rv32imc_insn_mul": [
        "riscv_formal_monitor_rv32imc_insn_mul",
        "Iu5rB",
        "module",
        39
    ],
    "riscv_formal_monitor_rv32imc_insn_mulh": [
        "riscv_formal_monitor_rv32imc_insn_mulh",
        "zhdFb",
        "module",
        40
    ],
    "riscv_formal_monitor_rv32imc_insn_mulhsu": [
        "riscv_formal_monitor_rv32imc_insn_mulhsu",
        "NAiud",
        "module",
        41
    ],
    "riscv_formal_monitor_rv32imc_insn_mulhu": [
        "riscv_formal_monitor_rv32imc_insn_mulhu",
        "BKfke",
        "module",
        42
    ],
    "riscv_formal_monitor_rv32imc_insn_or": [
        "riscv_formal_monitor_rv32imc_insn_or",
        "wU1Wy",
        "module",
        43
    ],
    "riscv_formal_monitor_rv32imc_insn_ori": [
        "riscv_formal_monitor_rv32imc_insn_ori",
        "kSwtt",
        "module",
        44
    ],
    "riscv_formal_monitor_rv32imc_insn_remu": [
        "riscv_formal_monitor_rv32imc_insn_remu",
        "VKPVa",
        "module",
        45
    ],
    "riscv_formal_monitor_rv32imc_insn_sb": [
        "riscv_formal_monitor_rv32imc_insn_sb",
        "uTK3S",
        "module",
        46
    ],
    "riscv_formal_monitor_rv32imc_insn_sh": [
        "riscv_formal_monitor_rv32imc_insn_sh",
        "RserB",
        "module",
        47
    ],
    "riscv_formal_monitor_rv32imc_insn_sll": [
        "riscv_formal_monitor_rv32imc_insn_sll",
        "ZaTJ5",
        "module",
        48
    ],
    "riscv_formal_monitor_rv32imc_insn_slli": [
        "riscv_formal_monitor_rv32imc_insn_slli",
        "TAS6j",
        "module",
        49
    ],
    "riscv_formal_monitor_rv32imc_insn_slt": [
        "riscv_formal_monitor_rv32imc_insn_slt",
        "nfPDh",
        "module",
        50
    ],
    "riscv_formal_monitor_rv32imc_insn_slti": [
        "riscv_formal_monitor_rv32imc_insn_slti",
        "DgvAM",
        "module",
        51
    ],
    "riscv_formal_monitor_rv32imc_insn_sltiu": [
        "riscv_formal_monitor_rv32imc_insn_sltiu",
        "abQY3",
        "module",
        52
    ],
    "riscv_formal_monitor_rv32imc_insn_sltu": [
        "riscv_formal_monitor_rv32imc_insn_sltu",
        "Fs81r",
        "module",
        53
    ],
    "riscv_formal_monitor_rv32imc_insn_sra": [
        "riscv_formal_monitor_rv32imc_insn_sra",
        "USkHR",
        "module",
        54
    ],
    "riscv_formal_monitor_rv32imc_insn_srai": [
        "riscv_formal_monitor_rv32imc_insn_srai",
        "xSFv5",
        "module",
        55
    ],
    "riscv_formal_monitor_rv32imc_insn_srl": [
        "riscv_formal_monitor_rv32imc_insn_srl",
        "sz6DN",
        "module",
        56
    ],
    "riscv_formal_monitor_rv32imc_insn_srli": [
        "riscv_formal_monitor_rv32imc_insn_srli",
        "YbLTr",
        "module",
        57
    ],
    "riscv_formal_monitor_rv32imc_insn_sub": [
        "riscv_formal_monitor_rv32imc_insn_sub",
        "miVs9",
        "module",
        58
    ],
    "riscv_formal_monitor_rv32imc_insn_sw": [
        "riscv_formal_monitor_rv32imc_insn_sw",
        "taMpY",
        "module",
        59
    ],
    "riscv_formal_monitor_rv32imc_insn_xor": [
        "riscv_formal_monitor_rv32imc_insn_xor",
        "VHIEf",
        "module",
        60
    ],
    "riscv_formal_monitor_rv32imc_insn_xori": [
        "riscv_formal_monitor_rv32imc_insn_xori",
        "LpW9x",
        "module",
        61
    ],
    "mon_itf": [
        "mon_itf",
        "esEc7",
        "module",
        62
    ],
    "top_tb": [
        "top_tb",
        "W0eJz",
        "module",
        63
    ],
    "mem_itf": [
        "mem_itf",
        "WA7Tj",
        "module",
        64
    ],
    "magic_dual_port": [
        "magic_dual_port",
        "wMAgB",
        "module",
        65
    ],
    "...MASTER...": [
        "SIM",
        "amcQw",
        "module",
        66
    ]
}